{"short_name":"54-Day Novena","name":"54-Day Novena Prayer Tracker","description":"Track your 54-day Rosary novena journey with daily prayer reminders and progress tracking","icons":[{"src":"favicon.ico","sizes":"64x64 32x32 24x24 16x16","type":"image/x-icon"},{"src":"android-chrome-192x192.png","type":"image/png","sizes":"192x192","purpose":"any maskable"},{"src":"android-chrome-512x512.png","type":"image/png","sizes":"512x512","purpose":"any maskable"}],"start_url":"/","display":"standalone","orientation":"portrait-primary","theme_color":"#4f46e5","background_color":"#f3f4f6","categories":["lifestyle","health","wellness"],"lang":"en-US","dir":"ltr"}